Computer Science,Computer Science
Unknown,Unknown
Computer Engineering,Engineering
Computer Information Systems,Information Systems
Electrical Engineering,Engineering
Information Technology,Information Technology
Computer Science + X,Computer Science
Mechanical Engineering,Engineering
CS and/or Eng Multiple Majors (data submitted in aggregation),Computer Science
Computer Science (BS),Computer Science
Information Technology Management,Information Technology
Computer Science (BA),Computer Science
Management Information Systems,Information Systems
Software Engineering,Engineering
Information Science,Information Systems
Computer Software and Media Applications,Media and Design
Informatics,Information Systems
Engineering Technology,Engineering
Civil Engineering,Engineering
Computational Biology,Math and Applied Math
Web Design/Graphics,Media and Design
Computer Systems Engineering,Engineering
Telecomm Technology,Information Technology
Programming,Computer Science
Business Technology,Information Technology
Aerospace Engineering,Engineering
Industrial Distribution,Engineering
Network Security,Information Technology
General Engineering,Engineering
Computer Support Specialist,Information Technology
Database Management,Information Systems
Mathematics,Math and Applied Math
Chemical Engineering,Engineering
Network Administration,Information Technology
Electronics Technology,Engineering
Computational Mathematics,Math and Applied Math
Networking,Information Technology
Software Development,Computer Science
Materials Science and Engineering,Engineering
Biosystems Engineering,Engineering
Applied Engineering Sciences,Engineering
Manufacturing Engineering,Engineering